Sample,Chromosome,Start,End,Num_Probes,Segment_Mean
TCGA-AJ-A3EJ-01A-11D-A19X-01,1,61735,356542,29,-0.6532
TCGA-AJ-A3EJ-01A-11D-A19X-01,1,404171,15599807,8074,0.1152
TCGA-AJ-A3EJ-01A-11D-A19X-01,1,15600049,16065607,266,0.435
TCGA-AJ-A3EJ-01A-11D-A19X-01,1,16075128,16153497,54,0.8853
TCGA-AJ-A3EJ-01A-11D-A19X-01,1,16153536,16155010,9,-1.4492
TCGA-AJ-A3EJ-01A-11D-A19X-01,1,16165661,16830820,295,0.901
TCGA-AJ-A3EJ-01A-11D-A19X-01,1,16831863,17209603,113,0.4202
TCGA-AJ-A3EJ-01A-11D-A19X-01,1,17210652,17277940,60,0.8726
TCGA-AJ-A3EJ-01A-11D-A19X-01,1,17282425,25583291,5266,0.1294
TCGA-AJ-A3EJ-01A-11D-A19X-01,1,25583341,25662005,31,0.6152
TCGA-AJ-A3EJ-01A-11D-A19X-01,1,25662212,26773391,529,0.0099
TCGA-AJ-A3EJ-01A-11D-A19X-01,1,26775223,26782680,6,-0.6432
TCGA-AJ-A3EJ-01A-11D-A19X-01,1,26783586,27445697,228,-0.0697
TCGA-AJ-A3EJ-01A-11D-A19X-01,1,27455760,28270046,346,0.301
TCGA-AJ-A3EJ-01A-11D-A19X-01,1,28270737,30863257,1399,-0.0422
TCGA-AJ-A3EJ-01A-11D-A19X-01,1,30863379,30923171,41,0.4461
TCGA-AJ-A3EJ-01A-11D-A19X-01,1,30923423,31143528,196,0.8198
TCGA-AJ-A3EJ-01A-11D-A19X-01,1,31145179,31557320,234,0.4954
TCGA-AJ-A3EJ-01A-11D-A19X-01,1,31558785,39953945,4652,-0.0412
TCGA-AJ-A3EJ-01A-11D-A19X-01,1,39959491,41111071,596,0.3768
TCGA-AJ-A3EJ-01A-11D-A19X-01,1,41111115,72768916,20630,-0.0295
TCGA-AJ-A3EJ-01A-11D-A19X-01,1,72768936,72811148,45,-1.4528
TCGA-AJ-A3EJ-01A-11D-A19X-01,1,72811904,81888456,5790,-0.0256
TCGA-AJ-A3EJ-01A-11D-A19X-01,1,81888602,81888605,2,2.1219
TCGA-AJ-A3EJ-01A-11D-A19X-01,1,81888667,85979932,2834,-0.0346
TCGA-AJ-A3EJ-01A-11D-A19X-01,1,85980350,86003166,11,0.8421
TCGA-AJ-A3EJ-01A-11D-A19X-01,1,86006009,86149943,110,-0.0374
TCGA-AJ-A3EJ-01A-11D-A19X-01,1,86150378,86153178,2,-1.5513
TCGA-AJ-A3EJ-01A-11D-A19X-01,1,86155359,94046916,4931,-0.0511
TCGA-AJ-A3EJ-01A-11D-A19X-01,1,94049928,94495407,306,0.4644
TCGA-AJ-A3EJ-01A-11D-A19X-01,1,94495487,106019205,7058,-0.0268
TCGA-AJ-A3EJ-01A-11D-A19X-01,1,106019236,106022375,16,-2.0561
TCGA-AJ-A3EJ-01A-11D-A19X-01,1,106024055,108729759,1940,-0.0156
TCGA-AJ-A3EJ-01A-11D-A19X-01,1,108734235,108737496,3,-1.3107
TCGA-AJ-A3EJ-01A-11D-A19X-01,1,108739104,110227515,725,-0.0457
TCGA-AJ-A3EJ-01A-11D-A19X-01,1,110232974,110240178,17,1.0918
TCGA-AJ-A3EJ-01A-11D-A19X-01,1,110242953,112629160,1910,-0.0441
TCGA-AJ-A3EJ-01A-11D-A19X-01,1,112634886,117590361,3252,0.2447
TCGA-AJ-A3EJ-01A-11D-A19X-01,1,117592006,118052518,275,0.6829
TCGA-AJ-A3EJ-01A-11D-A19X-01,1,118053126,145436659,2032,0.2923
TCGA-AJ-A3EJ-01A-11D-A19X-01,1,145439650,145792064,146,1.1285
TCGA-AJ-A3EJ-01A-11D-A19X-01,1,145932468,151224320,1597,0.327
TCGA-AJ-A3EJ-01A-11D-A19X-01,1,151224512,151825572,362,0.6841
TCGA-AJ-A3EJ-01A-11D-A19X-01,1,151830098,152555527,454,0.3549
TCGA-AJ-A3EJ-01A-11D-A19X-01,1,152555706,152586238,31,1.5025
TCGA-AJ-A3EJ-01A-11D-A19X-01,1,152586278,162008301,5831,0.3489
TCGA-AJ-A3EJ-01A-11D-A19X-01,1,162008940,162103752,77,0.8056
TCGA-AJ-A3EJ-01A-11D-A19X-01,1,162103916,184529049,15881,0.3662
TCGA-AJ-A3EJ-01A-11D-A19X-01,1,184535280,184679087,87,0.8053
TCGA-AJ-A3EJ-01A-11D-A19X-01,1,184680537,196801850,7995,0.3896
TCGA-AJ-A3EJ-01A-11D-A19X-01,1,196801987,196844335,35,0.1143
TCGA-AJ-A3EJ-01A-11D-A19X-01,1,196844593,199111690,1353,0.4044
TCGA-AJ-A3EJ-01A-11D-A19X-01,1,199111972,199112524,3,1.7014
TCGA-AJ-A3EJ-01A-11D-A19X-01,1,199113011,201775808,1888,0.3405
TCGA-AJ-A3EJ-01A-11D-A19X-01,1,201779153,202093628,179,0.6837
TCGA-AJ-A3EJ-01A-11D-A19X-01,1,202093686,225931788,16139,0.3666
TCGA-AJ-A3EJ-01A-11D-A19X-01,1,225936460,225990372,27,0.8147
TCGA-AJ-A3EJ-01A-11D-A19X-01,1,225990463,243303166,12608,0.394
TCGA-AJ-A3EJ-01A-11D-A19X-01,1,243306924,243307666,2,1.9894
TCGA-AJ-A3EJ-01A-11D-A19X-01,1,243309191,245067411,1126,0.3999
TCGA-AJ-A3EJ-01A-11D-A19X-01,1,245071985,246158578,838,-0.2429
TCGA-AJ-A3EJ-01A-11D-A19X-01,1,246161454,248737447,1602,0.4555
TCGA-AJ-A3EJ-01A-11D-A19X-01,1,248749194,248809109,37,-0.0588
TCGA-AJ-A3EJ-01A-11D-A19X-01,1,248809369,249224388,141,0.4175
TCGA-AJ-A3EJ-01A-11D-A19X-01,2,12784,737505,519,0.2248
TCGA-AJ-A3EJ-01A-11D-A19X-01,2,742100,747161,3,-1.3024
TCGA-AJ-A3EJ-01A-11D-A19X-01,2,751300,7639373,5407,0.2938
TCGA-AJ-A3EJ-01A-11D-A19X-01,2,7643065,7646972,2,2.1002
TCGA-AJ-A3EJ-01A-11D-A19X-01,2,7647007,24606840,12028,0.304
TCGA-AJ-A3EJ-01A-11D-A19X-01,2,24606954,24611128,15,-0.3372
TCGA-AJ-A3EJ-01A-11D-A19X-01,2,24611727,41977143,11645,0.2898
TCGA-AJ-A3EJ-01A-11D-A19X-01,2,41979425,42030533,42,0.7899
TCGA-AJ-A3EJ-01A-11D-A19X-01,2,42030852,52764229,7578,0.2897
TCGA-AJ-A3EJ-01A-11D-A19X-01,2,52764255,52781542,23,0.7169
TCGA-AJ-A3EJ-01A-11D-A19X-01,2,52787949,68051455,10061,0.2862
TCGA-AJ-A3EJ-01A-11D-A19X-01,2,68059696,68121129,54,-0.4296
TCGA-AJ-A3EJ-01A-11D-A19X-01,2,68121306,97854159,13937,0.2761
TCGA-AJ-A3EJ-01A-11D-A19X-01,2,97857927,97877173,16,-0.4514
TCGA-AJ-A3EJ-01A-11D-A19X-01,2,97886334,99052280,517,0.2584
TCGA-AJ-A3EJ-01A-11D-A19X-01,2,99056762,99702534,332,0.6444
TCGA-AJ-A3EJ-01A-11D-A19X-01,2,99703331,106874649,4764,0.1955
TCGA-AJ-A3EJ-01A-11D-A19X-01,2,106874722,106883229,6,-0.8974
TCGA-AJ-A3EJ-01A-11D-A19X-01,2,106883331,106885357,7,-2.74
TCGA-AJ-A3EJ-01A-11D-A19X-01,2,106887255,113986881,3719,0.1859
TCGA-AJ-A3EJ-01A-11D-A19X-01,2,113989267,114324463,120,-0.3578
TCGA-AJ-A3EJ-01A-11D-A19X-01,2,114325089,114362416,6,-1.1998
TCGA-AJ-A3EJ-01A-11D-A19X-01,2,114380821,114654748,148,-0.3948
TCGA-AJ-A3EJ-01A-11D-A19X-01,2,114655513,136870323,13618,0.1793
TCGA-AJ-A3EJ-01A-11D-A19X-01,2,136871833,137194436,231,0.6252
TCGA-AJ-A3EJ-01A-11D-A19X-01,2,137195238,146862085,6117,0.1819
TCGA-AJ-A3EJ-01A-11D-A19X-01,2,146864404,146866934,24,-1.3985
TCGA-AJ-A3EJ-01A-11D-A19X-01,2,146877806,175772793,17633,0.178
TCGA-AJ-A3EJ-01A-11D-A19X-01,2,175780326,175922382,78,0.6163
TCGA-AJ-A3EJ-01A-11D-A19X-01,2,175922691,176282487,186,0.948
TCGA-AJ-A3EJ-01A-11D-A19X-01,2,176284074,176448652,102,0.5762
TCGA-AJ-A3EJ-01A-11D-A19X-01,2,176453185,182388943,3883,0.1777
TCGA-AJ-A3EJ-01A-11D-A19X-01,2,182393109,182403215,3,-0.9641
TCGA-AJ-A3EJ-01A-11D-A19X-01,2,182404139,183019438,363,0.1916
TCGA-AJ-A3EJ-01A-11D-A19X-01,2,183022711,183066214,33,0.6219
TCGA-AJ-A3EJ-01A-11D-A19X-01,2,183070487,189432688,3597,0.1737
TCGA-AJ-A3EJ-01A-11D-A19X-01,2,189439613,189485418,24,0.6346
TCGA-AJ-A3EJ-01A-11D-A19X-01,2,189491012,194987693,3154,0.1829
TCGA-AJ-A3EJ-01A-11D-A19X-01,2,194987867,194989558,2,1.6581
TCGA-AJ-A3EJ-01A-11D-A19X-01,2,194989600,208354912,7955,0.1656
TCGA-AJ-A3EJ-01A-11D-A19X-01,2,208354955,208359336,17,-0.3621
TCGA-AJ-A3EJ-01A-11D-A19X-01,2,208359476,208528533,92,0.1818
TCGA-AJ-A3EJ-01A-11D-A19X-01,2,208529674,208952810,236,0.5801
TCGA-AJ-A3EJ-01A-11D-A19X-01,2,208956995,222952570,9086,0.1896
TCGA-AJ-A3EJ-01A-11D-A19X-01,2,222954813,223705139,496,0.5861
TCGA-AJ-A3EJ-01A-11D-A19X-01,2,223708463,233034495,5891,0.1618
TCGA-AJ-A3EJ-01A-11D-A19X-01,2,233048132,234123010,613,0.6327
TCGA-AJ-A3EJ-01A-11D-A19X-01,2,234126789,243089456,5735,0.1644
TCGA-AJ-A3EJ-01A-11D-A19X-01,3,60345,30305891,22662,-0.3352
TCGA-AJ-A3EJ-01A-11D-A19X-01,3,30308287,30310508,6,-0.0139
TCGA-AJ-A3EJ-01A-11D-A19X-01,3,30310612,30314670,7,0.5989
TCGA-AJ-A3EJ-01A-11D-A19X-01,3,30314759,30840595,410,0.0654
TCGA-AJ-A3EJ-01A-11D-A19X-01,3,30842561,31921867,764,-0.3357
TCGA-AJ-A3EJ-01A-11D-A19X-01,3,31925726,32519395,423,0.0283
TCGA-AJ-A3EJ-01A-11D-A19X-01,3,32521190,36674927,2575,-0.2839
TCGA-AJ-A3EJ-01A-11D-A19X-01,3,36677147,36677486,2,-1.91
TCGA-AJ-A3EJ-01A-11D-A19X-01,3,36680283,51733935,8380,-0.3067
TCGA-AJ-A3EJ-01A-11D-A19X-01,3,51736344,51983146,107,0.2325
TCGA-AJ-A3EJ-01A-11D-A19X-01,3,51998768,52292782,93,-0.011
TCGA-AJ-A3EJ-01A-11D-A19X-01,3,52293557,66393434,10770,-0.3267
TCGA-AJ-A3EJ-01A-11D-A19X-01,3,66395045,66588254,145,0.2912
TCGA-AJ-A3EJ-01A-11D-A19X-01,3,66591670,66878720,226,0.828
TCGA-AJ-A3EJ-01A-11D-A19X-01,3,66881242,67186041,216,0.2877
TCGA-AJ-A3EJ-01A-11D-A19X-01,3,67186766,68725751,1057,-0.3185
TCGA-AJ-A3EJ-01A-11D-A19X-01,3,68732028,68748786,18,0.3789
TCGA-AJ-A3EJ-01A-11D-A19X-01,3,68748945,85429766,10378,-0.3129
TCGA-AJ-A3EJ-01A-11D-A19X-01,3,85430137,85690494,157,0.0254
TCGA-AJ-A3EJ-01A-11D-A19X-01,3,85702254,89634086,2272,-0.3124
TCGA-AJ-A3EJ-01A-11D-A19X-01,3,89634821,162508268,42288,0.2159
TCGA-AJ-A3EJ-01A-11D-A19X-01,3,162512657,162625980,69,-0.2871
TCGA-AJ-A3EJ-01A-11D-A19X-01,3,162625995,197896118,21932,0.3258
TCGA-AJ-A3EJ-01A-11D-A19X-01,4,12281,2520861,1002,-0.3365
TCGA-AJ-A3EJ-01A-11D-A19X-01,4,2619331,2931555,158,0.3637
TCGA-AJ-A3EJ-01A-11D-A19X-01,4,2943412,4939556,1157,-0.3416
TCGA-AJ-A3EJ-01A-11D-A19X-01,4,4939994,4942822,4,-2.351
TCGA-AJ-A3EJ-01A-11D-A19X-01,4,4943134,69375160,40036,-0.3285
TCGA-AJ-A3EJ-01A-11D-A19X-01,4,69375348,69489335,63,-0.8518
TCGA-AJ-A3EJ-01A-11D-A19X-01,4,69505115,104745571,21430,-0.3172
TCGA-AJ-A3EJ-01A-11D-A19X-01,4,104751630,104753601,8,1.0112
TCGA-AJ-A3EJ-01A-11D-A19X-01,4,104753737,106224260,819,-0.3047
TCGA-AJ-A3EJ-01A-11D-A19X-01,4,106226649,106226747,2,-2.1541
TCGA-AJ-A3EJ-01A-11D-A19X-01,4,106228012,108068413,1055,-0.3184
TCGA-AJ-A3EJ-01A-11D-A19X-01,4,108071519,108071888,4,1.9368
TCGA-AJ-A3EJ-01A-11D-A19X-01,4,108073507,115179049,4439,-0.321
TCGA-AJ-A3EJ-01A-11D-A19X-01,4,115179352,115182175,13,-1.2235
TCGA-AJ-A3EJ-01A-11D-A19X-01,4,115184229,155802548,24120,-0.3208
TCGA-AJ-A3EJ-01A-11D-A19X-01,4,155803005,155803078,3,-3.3304
TCGA-AJ-A3EJ-01A-11D-A19X-01,4,155803199,156138048,236,-0.2926
TCGA-AJ-A3EJ-01A-11D-A19X-01,4,156138372,156138486,2,-1.869
TCGA-AJ-A3EJ-01A-11D-A19X-01,4,156144111,157494217,974,-0.3187
TCGA-AJ-A3EJ-01A-11D-A19X-01,4,157497053,157676452,128,0.3898
TCGA-AJ-A3EJ-01A-11D-A19X-01,4,157686891,172369346,9273,-0.322
TCGA-AJ-A3EJ-01A-11D-A19X-01,4,172374884,172377776,12,1.465
TCGA-AJ-A3EJ-01A-11D-A19X-01,4,172380371,172989166,398,-0.3296
TCGA-AJ-A3EJ-01A-11D-A19X-01,4,172989224,173000821,14,0.3436
TCGA-AJ-A3EJ-01A-11D-A19X-01,4,173001831,191027923,12119,-0.3457
TCGA-AJ-A3EJ-01A-11D-A19X-01,5,15532,685748,307,-0.1322
TCGA-AJ-A3EJ-01A-11D-A19X-01,5,698371,773190,27,0.4433
TCGA-AJ-A3EJ-01A-11D-A19X-01,5,773547,3050455,1655,-0.2182
TCGA-AJ-A3EJ-01A-11D-A19X-01,5,3050780,3073104,33,-0.6159
TCGA-AJ-A3EJ-01A-11D-A19X-01,5,3073199,12819313,8211,-0.2153
TCGA-AJ-A3EJ-01A-11D-A19X-01,5,12819375,12826650,8,-1.6494
TCGA-AJ-A3EJ-01A-11D-A19X-01,5,12833857,27524452,9106,-0.1728
TCGA-AJ-A3EJ-01A-11D-A19X-01,5,27525390,27527479,11,-0.8611
TCGA-AJ-A3EJ-01A-11D-A19X-01,5,27528484,36071062,5664,-0.1507
TCGA-AJ-A3EJ-01A-11D-A19X-01,5,36071497,36907861,579,0.1565
TCGA-AJ-A3EJ-01A-11D-A19X-01,5,36909673,57321646,10309,-0.1562
TCGA-AJ-A3EJ-01A-11D-A19X-01,5,57326027,57333533,32,2.0724
TCGA-AJ-A3EJ-01A-11D-A19X-01,5,57338357,67481770,6540,-0.126
TCGA-AJ-A3EJ-01A-11D-A19X-01,5,67485635,68268281,526,0.4427
TCGA-AJ-A3EJ-01A-11D-A19X-01,5,68277728,73698279,2295,-0.164
TCGA-AJ-A3EJ-01A-11D-A19X-01,5,73699204,74656175,562,0.2929
TCGA-AJ-A3EJ-01A-11D-A19X-01,5,74656584,142008657,41268,-0.158
TCGA-AJ-A3EJ-01A-11D-A19X-01,5,142009047,142179363,132,0.1805
TCGA-AJ-A3EJ-01A-11D-A19X-01,5,142179756,153123488,7485,-0.2692
TCGA-AJ-A3EJ-01A-11D-A19X-01,5,153132306,180374523,18233,0.06
TCGA-AJ-A3EJ-01A-11D-A19X-01,5,180378710,180418103,19,-0.8218
TCGA-AJ-A3EJ-01A-11D-A19X-01,5,180433225,180790320,171,0.0762
TCGA-AJ-A3EJ-01A-11D-A19X-01,6,149661,3266646,2558,0.0151
TCGA-AJ-A3EJ-01A-11D-A19X-01,6,3270064,3372974,95,-0.9945
TCGA-AJ-A3EJ-01A-11D-A19X-01,6,3379610,26670250,17617,0.0237
TCGA-AJ-A3EJ-01A-11D-A19X-01,6,26671328,26732391,22,-0.5009
TCGA-AJ-A3EJ-01A-11D-A19X-01,6,26732406,27766126,500,-0.0079
TCGA-AJ-A3EJ-01A-11D-A19X-01,6,27766412,27815494,24,0.4627
TCGA-AJ-A3EJ-01A-11D-A19X-01,6,27818202,29837072,940,0.0112
TCGA-AJ-A3EJ-01A-11D-A19X-01,6,29837187,29901576,37,0.5634
TCGA-AJ-A3EJ-01A-11D-A19X-01,6,29908469,31337850,688,0.0139
TCGA-AJ-A3EJ-01A-11D-A19X-01,6,31337872,31340433,5,-1.57
TCGA-AJ-A3EJ-01A-11D-A19X-01,6,31340807,32454523,481,0.0651
TCGA-AJ-A3EJ-01A-11D-A19X-01,6,32456683,32469919,3,-2.045
TCGA-AJ-A3EJ-01A-11D-A19X-01,6,32469967,32609427,54,-0.1902
TCGA-AJ-A3EJ-01A-11D-A19X-01,6,32619613,32626618,8,1.143
TCGA-AJ-A3EJ-01A-11D-A19X-01,6,32650612,32688615,38,0.0859
TCGA-AJ-A3EJ-01A-11D-A19X-01,6,32688632,32688853,2,-1.917
TCGA-AJ-A3EJ-01A-11D-A19X-01,6,32689324,33924860,742,0.0022
TCGA-AJ-A3EJ-01A-11D-A19X-01,6,33924896,34329711,233,0.5057
TCGA-AJ-A3EJ-01A-11D-A19X-01,6,34331901,37097618,1620,-0.0078
TCGA-AJ-A3EJ-01A-11D-A19X-01,6,37098379,37684242,393,0.8431
TCGA-AJ-A3EJ-01A-11D-A19X-01,6,37685149,46809561,6002,0.0245
TCGA-AJ-A3EJ-01A-11D-A19X-01,6,46813877,46816473,6,-0.8597
TCGA-AJ-A3EJ-01A-11D-A19X-01,6,46819736,74592225,15252,0.0275
TCGA-AJ-A3EJ-01A-11D-A19X-01,6,74592457,74601410,9,-2.3945
TCGA-AJ-A3EJ-01A-11D-A19X-01,6,74603555,75651119,701,0.0265
TCGA-AJ-A3EJ-01A-11D-A19X-01,6,75653295,76607521,525,0.3026
TCGA-AJ-A3EJ-01A-11D-A19X-01,6,76607550,77436532,544,0.027
TCGA-AJ-A3EJ-01A-11D-A19X-01,6,77439868,77443247,11,0.7
TCGA-AJ-A3EJ-01A-11D-A19X-01,6,77446199,78962889,990,0.009
TCGA-AJ-A3EJ-01A-11D-A19X-01,6,78969065,79035185,112,-2.0374
TCGA-AJ-A3EJ-01A-11D-A19X-01,6,79039234,94583430,9977,0.0206
TCGA-AJ-A3EJ-01A-11D-A19X-01,6,94584741,94592955,9,-0.8509
TCGA-AJ-A3EJ-01A-11D-A19X-01,6,94592991,110682337,9960,0.0127
TCGA-AJ-A3EJ-01A-11D-A19X-01,6,110683333,110979039,227,0.3022
TCGA-AJ-A3EJ-01A-11D-A19X-01,6,110980652,111594480,306,-0.0392
TCGA-AJ-A3EJ-01A-11D-A19X-01,6,111597419,111946564,186,0.4757
TCGA-AJ-A3EJ-01A-11D-A19X-01,6,111949288,128825271,10215,3e-04
TCGA-AJ-A3EJ-01A-11D-A19X-01,6,128828268,128829399,6,-1.0623
TCGA-AJ-A3EJ-01A-11D-A19X-01,6,128830303,134266268,3756,-0.0851
TCGA-AJ-A3EJ-01A-11D-A19X-01,6,134269071,134269632,2,-1.663
TCGA-AJ-A3EJ-01A-11D-A19X-01,6,134272072,151545505,11382,-0.0941
TCGA-AJ-A3EJ-01A-11D-A19X-01,6,151545778,152442729,699,0.188
TCGA-AJ-A3EJ-01A-11D-A19X-01,6,152446057,156485526,2931,-0.0807
TCGA-AJ-A3EJ-01A-11D-A19X-01,6,156486148,156516935,25,-0.524
TCGA-AJ-A3EJ-01A-11D-A19X-01,6,156517298,162943542,4412,-0.0917
TCGA-AJ-A3EJ-01A-11D-A19X-01,6,162946795,162979147,30,-1.2229
TCGA-AJ-A3EJ-01A-11D-A19X-01,6,162981381,170919495,5685,-0.0918
TCGA-AJ-A3EJ-01A-11D-A19X-01,6,170982327,171051005,4,-1.3885
TCGA-AJ-A3EJ-01A-11D-A19X-01,7,43355,795662,157,-0.2977
TCGA-AJ-A3EJ-01A-11D-A19X-01,7,801364,1231678,195,0.5559
TCGA-AJ-A3EJ-01A-11D-A19X-01,7,1237939,1591997,86,0.1652
TCGA-AJ-A3EJ-01A-11D-A19X-01,7,1602733,4946877,2205,-0.3638
TCGA-AJ-A3EJ-01A-11D-A19X-01,7,4949722,6964024,832,0.1303
TCGA-AJ-A3EJ-01A-11D-A19X-01,7,6964519,6965895,2,2.2005
TCGA-AJ-A3EJ-01A-11D-A19X-01,7,6968187,11916354,4111,0.1712
TCGA-AJ-A3EJ-01A-11D-A19X-01,7,11916646,13130657,931,0.5847
TCGA-AJ-A3EJ-01A-11D-A19X-01,7,13130758,15431632,1898,0.1865
TCGA-AJ-A3EJ-01A-11D-A19X-01,7,15431670,15433289,2,-1.0613
TCGA-AJ-A3EJ-01A-11D-A19X-01,7,15434065,43609592,20708,0.17
TCGA-AJ-A3EJ-01A-11D-A19X-01,7,43614896,44617720,475,0.5018
TCGA-AJ-A3EJ-01A-11D-A19X-01,7,44617793,54380373,6987,0.1684
TCGA-AJ-A3EJ-01A-11D-A19X-01,7,54386505,54386517,6,-2.1809
TCGA-AJ-A3EJ-01A-11D-A19X-01,7,54393488,64594065,3141,0.1379
TCGA-AJ-A3EJ-01A-11D-A19X-01,7,64594341,64595698,5,-0.844
TCGA-AJ-A3EJ-01A-11D-A19X-01,7,64637128,85075150,11333,0.1676
TCGA-AJ-A3EJ-01A-11D-A19X-01,7,85075248,85078697,3,0.6494
TCGA-AJ-A3EJ-01A-11D-A19X-01,7,85079348,91357869,3933,0.1513
TCGA-AJ-A3EJ-01A-11D-A19X-01,7,91358294,91359033,7,1.1105
TCGA-AJ-A3EJ-01A-11D-A19X-01,7,91359336,92495296,733,0.1612
TCGA-AJ-A3EJ-01A-11D-A19X-01,7,92495354,92866855,210,0.5211
TCGA-AJ-A3EJ-01A-11D-A19X-01,7,92866977,97385970,2809,0.1803
TCGA-AJ-A3EJ-01A-11D-A19X-01,7,97395460,97402475,16,-0.599
TCGA-AJ-A3EJ-01A-11D-A19X-01,7,97404240,109433747,6633,0.1679
TCGA-AJ-A3EJ-01A-11D-A19X-01,7,109433777,109437772,18,0.7931
TCGA-AJ-A3EJ-01A-11D-A19X-01,7,109437774,109441212,9,-0.1811
TCGA-AJ-A3EJ-01A-11D-A19X-01,7,109441244,109453910,11,0.7642
TCGA-AJ-A3EJ-01A-11D-A19X-01,7,109453982,115930025,3899,0.1651
TCGA-AJ-A3EJ-01A-11D-A19X-01,7,115934700,116918085,726,0.5894
TCGA-AJ-A3EJ-01A-11D-A19X-01,7,116919978,131585351,8643,0.1642
TCGA-AJ-A3EJ-01A-11D-A19X-01,7,131588218,132611834,795,0.5069
TCGA-AJ-A3EJ-01A-11D-A19X-01,7,132613152,133785177,697,0.162
TCGA-AJ-A3EJ-01A-11D-A19X-01,7,133785195,133798067,31,0.5855
TCGA-AJ-A3EJ-01A-11D-A19X-01,7,133798109,142474939,5702,0.1607
TCGA-AJ-A3EJ-01A-11D-A19X-01,7,142476719,142486045,27,-2.0121
TCGA-AJ-A3EJ-01A-11D-A19X-01,7,142486115,143218858,469,0.1425
TCGA-AJ-A3EJ-01A-11D-A19X-01,7,143218968,143408430,33,0.6534
TCGA-AJ-A3EJ-01A-11D-A19X-01,7,143425378,143444216,18,0.0371
TCGA-AJ-A3EJ-01A-11D-A19X-01,7,143444531,143543851,41,0.4965
TCGA-AJ-A3EJ-01A-11D-A19X-01,7,143543865,150285104,4178,0.1547
TCGA-AJ-A3EJ-01A-11D-A19X-01,7,150285801,150313184,14,-1.0309
TCGA-AJ-A3EJ-01A-11D-A19X-01,7,150313416,159127004,5832,0.1377
TCGA-AJ-A3EJ-01A-11D-A19X-01,8,31254,253531,98,0.1489
TCGA-AJ-A3EJ-01A-11D-A19X-01,8,258508,262188,9,-0.8611
TCGA-AJ-A3EJ-01A-11D-A19X-01,8,265129,593041,219,0.177
TCGA-AJ-A3EJ-01A-11D-A19X-01,8,594944,595908,10,1.4368
TCGA-AJ-A3EJ-01A-11D-A19X-01,8,601043,3787060,3103,0.2014
TCGA-AJ-A3EJ-01A-11D-A19X-01,8,3787389,3790037,21,-0.6447
TCGA-AJ-A3EJ-01A-11D-A19X-01,8,3790106,6167976,3464,0.1952
TCGA-AJ-A3EJ-01A-11D-A19X-01,8,6169238,6176137,19,-0.9916
TCGA-AJ-A3EJ-01A-11D-A19X-01,8,6178212,7186646,891,0.1898
TCGA-AJ-A3EJ-01A-11D-A19X-01,8,7193821,7238019,25,-0.3501
TCGA-AJ-A3EJ-01A-11D-A19X-01,8,7250380,7372245,43,0.3262
TCGA-AJ-A3EJ-01A-11D-A19X-01,8,7385267,7392957,19,0.9723
TCGA-AJ-A3EJ-01A-11D-A19X-01,8,7394684,7866162,113,0.2575
TCGA-AJ-A3EJ-01A-11D-A19X-01,8,7935855,7962597,10,-0.7496
TCGA-AJ-A3EJ-01A-11D-A19X-01,8,7962648,13810119,4676,0.221
TCGA-AJ-A3EJ-01A-11D-A19X-01,8,13810229,13815335,6,-0.6249
TCGA-AJ-A3EJ-01A-11D-A19X-01,8,13816066,18265154,4028,0.2819
TCGA-AJ-A3EJ-01A-11D-A19X-01,8,18266157,18271185,4,-1.9771
TCGA-AJ-A3EJ-01A-11D-A19X-01,8,18271387,22525980,3417,0.2959
TCGA-AJ-A3EJ-01A-11D-A19X-01,8,22532930,22685694,93,0.9354
TCGA-AJ-A3EJ-01A-11D-A19X-01,8,22689310,24974577,1588,0.2857
TCGA-AJ-A3EJ-01A-11D-A19X-01,8,24975500,24984333,23,0.9552
TCGA-AJ-A3EJ-01A-11D-A19X-01,8,24991104,39230659,9044,0.2852
TCGA-AJ-A3EJ-01A-11D-A19X-01,8,39235603,39386965,58,-1.8898
TCGA-AJ-A3EJ-01A-11D-A19X-01,8,39388299,55186953,7240,0.3007
TCGA-AJ-A3EJ-01A-11D-A19X-01,8,55188781,55544848,297,0.7716
TCGA-AJ-A3EJ-01A-11D-A19X-01,8,55545472,101104991,27618,0.3058
TCGA-AJ-A3EJ-01A-11D-A19X-01,8,101105066,101332793,111,0.64
TCGA-AJ-A3EJ-01A-11D-A19X-01,8,101337943,112294646,6809,0.3034
TCGA-AJ-A3EJ-01A-11D-A19X-01,8,112294670,112295260,6,-1.9972
TCGA-AJ-A3EJ-01A-11D-A19X-01,8,112300281,116633727,2495,0.308
TCGA-AJ-A3EJ-01A-11D-A19X-01,8,116635611,116658231,13,0.7412
TCGA-AJ-A3EJ-01A-11D-A19X-01,8,116658313,116663701,4,1.1314
TCGA-AJ-A3EJ-01A-11D-A19X-01,8,116663922,116760086,55,0.6608
TCGA-AJ-A3EJ-01A-11D-A19X-01,8,116761660,132565809,11063,0.3044
TCGA-AJ-A3EJ-01A-11D-A19X-01,8,132574169,132575721,3,-1.2554
TCGA-AJ-A3EJ-01A-11D-A19X-01,8,132579069,138822323,5064,0.2908
TCGA-AJ-A3EJ-01A-11D-A19X-01,8,138823734,138824655,3,-1.0013
TCGA-AJ-A3EJ-01A-11D-A19X-01,8,138825024,146282503,4240,0.3272
TCGA-AJ-A3EJ-01A-11D-A19X-01,8,146283825,146298155,10,-0.1237
TCGA-AJ-A3EJ-01A-11D-A19X-01,9,46587,7586590,7349,-0.2314
TCGA-AJ-A3EJ-01A-11D-A19X-01,9,7589065,7589134,2,-2.6737
TCGA-AJ-A3EJ-01A-11D-A19X-01,9,7591099,27248727,15924,-0.2739
TCGA-AJ-A3EJ-01A-11D-A19X-01,9,27249124,27252785,3,-2.0987
TCGA-AJ-A3EJ-01A-11D-A19X-01,9,27257582,28044704,733,-0.3469
TCGA-AJ-A3EJ-01A-11D-A19X-01,9,28047588,28050691,5,-3.1795
TCGA-AJ-A3EJ-01A-11D-A19X-01,9,28055603,43662908,7378,-0.3356
TCGA-AJ-A3EJ-01A-11D-A19X-01,9,43663163,44136790,22,-1.5088
TCGA-AJ-A3EJ-01A-11D-A19X-01,9,44145352,44469328,46,-0.4632
TCGA-AJ-A3EJ-01A-11D-A19X-01,9,44629223,44837527,35,-1.456
TCGA-AJ-A3EJ-01A-11D-A19X-01,9,44840918,69137915,269,-0.3053
TCGA-AJ-A3EJ-01A-11D-A19X-01,9,69142768,69153093,2,-2.4596
TCGA-AJ-A3EJ-01A-11D-A19X-01,9,69153300,105515822,24227,-0.3312
TCGA-AJ-A3EJ-01A-11D-A19X-01,9,105515851,105516782,3,-2.2396
TCGA-AJ-A3EJ-01A-11D-A19X-01,9,105516832,120813098,11865,-0.3314
TCGA-AJ-A3EJ-01A-11D-A19X-01,9,120813541,120813621,2,-3.8269
TCGA-AJ-A3EJ-01A-11D-A19X-01,9,120813676,139056779,11320,-0.3332
TCGA-AJ-A3EJ-01A-11D-A19X-01,9,139057920,139064119,6,-0.9918
TCGA-AJ-A3EJ-01A-11D-A19X-01,9,139083019,139320929,59,0.1061
TCGA-AJ-A3EJ-01A-11D-A19X-01,9,139326816,139756477,123,0.6128
TCGA-AJ-A3EJ-01A-11D-A19X-01,9,139763908,141091394,521,0.1957
TCGA-AJ-A3EJ-01A-11D-A19X-01,10,72759,10436135,8856,0.2549
TCGA-AJ-A3EJ-01A-11D-A19X-01,10,10436489,12140498,1353,0.6631
TCGA-AJ-A3EJ-01A-11D-A19X-01,10,12142861,12163857,17,0.1638
TCGA-AJ-A3EJ-01A-11D-A19X-01,10,12165997,12169512,2,1.6315
TCGA-AJ-A3EJ-01A-11D-A19X-01,10,12176997,27579796,11241,0.2566
TCGA-AJ-A3EJ-01A-11D-A19X-01,10,27579970,27593427,3,-1.0328
TCGA-AJ-A3EJ-01A-11D-A19X-01,10,27597438,42682133,7754,0.2572
TCGA-AJ-A3EJ-01A-11D-A19X-01,10,42685261,42763230,14,-0.322
TCGA-AJ-A3EJ-01A-11D-A19X-01,10,42767643,50540178,4043,0.1823
TCGA-AJ-A3EJ-01A-11D-A19X-01,10,50542258,50981589,296,0.5743
TCGA-AJ-A3EJ-01A-11D-A19X-01,10,50981786,61328277,7106,0.2083
TCGA-AJ-A3EJ-01A-11D-A19X-01,10,61329938,62058982,640,0.6538
TCGA-AJ-A3EJ-01A-11D-A19X-01,10,62062524,67306276,3444,0.2215
TCGA-AJ-A3EJ-01A-11D-A19X-01,10,67307923,67314446,28,-0.3687
TCGA-AJ-A3EJ-01A-11D-A19X-01,10,67322795,68382532,826,0.2103
TCGA-AJ-A3EJ-01A-11D-A19X-01,10,68386848,68449231,63,-0.659
TCGA-AJ-A3EJ-01A-11D-A19X-01,10,68449968,68523558,55,0.0861
TCGA-AJ-A3EJ-01A-11D-A19X-01,10,68526094,68962036,314,0.578
TCGA-AJ-A3EJ-01A-11D-A19X-01,10,68970046,70987440,1082,0.1754
TCGA-AJ-A3EJ-01A-11D-A19X-01,10,70988064,71441178,363,0.5565
TCGA-AJ-A3EJ-01A-11D-A19X-01,10,71442821,102164100,20289,0.1425
TCGA-AJ-A3EJ-01A-11D-A19X-01,10,102177603,103238445,582,0.4588
TCGA-AJ-A3EJ-01A-11D-A19X-01,10,103240812,110960027,5098,0.051
TCGA-AJ-A3EJ-01A-11D-A19X-01,10,110966751,110966879,3,-2.2857
TCGA-AJ-A3EJ-01A-11D-A19X-01,10,110968020,112033151,645,0.0403
TCGA-AJ-A3EJ-01A-11D-A19X-01,10,112041579,113103221,766,0.4836
TCGA-AJ-A3EJ-01A-11D-A19X-01,10,113110260,118686416,3939,0.0501
TCGA-AJ-A3EJ-01A-11D-A19X-01,10,118688007,119755097,788,0.5064
TCGA-AJ-A3EJ-01A-11D-A19X-01,10,119756823,126040127,4840,0.0505
TCGA-AJ-A3EJ-01A-11D-A19X-01,10,126041121,126401964,236,0.5042
TCGA-AJ-A3EJ-01A-11D-A19X-01,10,126404652,135506704,6445,0.0574
TCGA-AJ-A3EJ-01A-11D-A19X-01,11,198510,4295756,1802,-0.3136
TCGA-AJ-A3EJ-01A-11D-A19X-01,11,4301356,4359288,18,0.5996
TCGA-AJ-A3EJ-01A-11D-A19X-01,11,4384797,4724774,377,-0.3213
TCGA-AJ-A3EJ-01A-11D-A19X-01,11,4725667,4726891,6,-1.5567
TCGA-AJ-A3EJ-01A-11D-A19X-01,11,4729134,10635007,4470,-0.335
TCGA-AJ-A3EJ-01A-11D-A19X-01,11,10635340,10897747,211,0.3278
TCGA-AJ-A3EJ-01A-11D-A19X-01,11,10903494,14263200,2928,-0.3366
TCGA-AJ-A3EJ-01A-11D-A19X-01,11,14264979,14598823,150,0.6735
TCGA-AJ-A3EJ-01A-11D-A19X-01,11,14600879,33413123,13218,-0.1401
TCGA-AJ-A3EJ-01A-11D-A19X-01,11,33413884,33417343,5,0.8976
TCGA-AJ-A3EJ-01A-11D-A19X-01,11,33420164,55376280,11482,-0.0547
TCGA-AJ-A3EJ-01A-11D-A19X-01,11,55376498,55460683,53,0.379
TCGA-AJ-A3EJ-01A-11D-A19X-01,11,55460788,60965476,3408,0.0517
TCGA-AJ-A3EJ-01A-11D-A19X-01,11,60984460,61000494,2,1.5345
TCGA-AJ-A3EJ-01A-11D-A19X-01,11,61015806,62069365,572,-0.2526
TCGA-AJ-A3EJ-01A-11D-A19X-01,11,62080042,62314546,135,0.2668
TCGA-AJ-A3EJ-01A-11D-A19X-01,11,62318530,64649386,1037,-0.2577
TCGA-AJ-A3EJ-01A-11D-A19X-01,11,64651930,64665948,7,0.5184
TCGA-AJ-A3EJ-01A-11D-A19X-01,11,64669105,65204966,188,-0.1859
TCGA-AJ-A3EJ-01A-11D-A19X-01,11,65206017,65460957,90,0.2365
TCGA-AJ-A3EJ-01A-11D-A19X-01,11,65461055,109083835,28162,-0.3167
TCGA-AJ-A3EJ-01A-11D-A19X-01,11,109085822,110562899,900,0.3023
TCGA-AJ-A3EJ-01A-11D-A19X-01,11,110567271,112163817,1070,-0.3349
TCGA-AJ-A3EJ-01A-11D-A19X-01,11,112166430,112167603,2,-2.7079
TCGA-AJ-A3EJ-01A-11D-A19X-01,11,112169949,127012669,10734,-0.3427
TCGA-AJ-A3EJ-01A-11D-A19X-01,11,127013570,127013829,3,-2.1205
TCGA-AJ-A3EJ-01A-11D-A19X-01,11,127015160,133817472,5258,-0.3359
TCGA-AJ-A3EJ-01A-11D-A19X-01,11,133817656,133819442,3,1.2431
TCGA-AJ-A3EJ-01A-11D-A19X-01,11,133822726,134944770,837,-0.3419
TCGA-AJ-A3EJ-01A-11D-A19X-01,12,150442,11215372,7273,0.0273
TCGA-AJ-A3EJ-01A-11D-A19X-01,12,11216849,11236215,10,-0.6858
TCGA-AJ-A3EJ-01A-11D-A19X-01,12,11236836,11241532,3,-2.2085
TCGA-AJ-A3EJ-01A-11D-A19X-01,12,11251874,12536297,991,0.0087
TCGA-AJ-A3EJ-01A-11D-A19X-01,12,12536415,12541869,15,-0.9464
TCGA-AJ-A3EJ-01A-11D-A19X-01,12,12542880,12679491,128,0.0304
TCGA-AJ-A3EJ-01A-11D-A19X-01,12,12680166,13438588,517,0.4973
TCGA-AJ-A3EJ-01A-11D-A19X-01,12,13440224,27647980,9745,0.0299
TCGA-AJ-A3EJ-01A-11D-A19X-01,12,27648051,27657161,25,-0.5957
TCGA-AJ-A3EJ-01A-11D-A19X-01,12,27659514,30239314,1882,0.0236
TCGA-AJ-A3EJ-01A-11D-A19X-01,12,30239419,30240171,8,-0.4366
TCGA-AJ-A3EJ-01A-11D-A19X-01,12,30240296,30241370,5,-1.2379
TCGA-AJ-A3EJ-01A-11D-A19X-01,12,30243454,31871152,1234,-0.002
TCGA-AJ-A3EJ-01A-11D-A19X-01,12,31872609,32164030,228,0.5105
TCGA-AJ-A3EJ-01A-11D-A19X-01,12,32177270,33294660,816,0
TCGA-AJ-A3EJ-01A-11D-A19X-01,12,33301406,33306965,25,-0.4618
TCGA-AJ-A3EJ-01A-11D-A19X-01,12,33307078,45899825,5631,0.0193
TCGA-AJ-A3EJ-01A-11D-A19X-01,12,45904438,45909537,4,-1.9186
TCGA-AJ-A3EJ-01A-11D-A19X-01,12,45913292,52516622,3568,-0.0041
TCGA-AJ-A3EJ-01A-11D-A19X-01,12,52521638,52545309,35,0.4161
TCGA-AJ-A3EJ-01A-11D-A19X-01,12,52551035,58468331,3413,0.0125
TCGA-AJ-A3EJ-01A-11D-A19X-01,12,58468644,58469695,11,0.6146
TCGA-AJ-A3EJ-01A-11D-A19X-01,12,58469921,70871858,8176,0.0209
TCGA-AJ-A3EJ-01A-11D-A19X-01,12,70872675,70877750,5,-3.1056
TCGA-AJ-A3EJ-01A-11D-A19X-01,12,70877765,70878027,4,-1.1854
TCGA-AJ-A3EJ-01A-11D-A19X-01,12,70879385,73242116,1517,0.0425
TCGA-AJ-A3EJ-01A-11D-A19X-01,12,73245404,73245405,2,1.7697
TCGA-AJ-A3EJ-01A-11D-A19X-01,12,73253192,93258453,12474,0.0256
TCGA-AJ-A3EJ-01A-11D-A19X-01,12,93263657,93499753,135,0.4984
TCGA-AJ-A3EJ-01A-11D-A19X-01,12,93500213,98950490,3915,7e-04
TCGA-AJ-A3EJ-01A-11D-A19X-01,12,98956245,98957988,2,-1.5466
TCGA-AJ-A3EJ-01A-11D-A19X-01,12,98962082,100017772,678,0.0386
TCGA-AJ-A3EJ-01A-11D-A19X-01,12,100019248,100020033,3,1.2348
TCGA-AJ-A3EJ-01A-11D-A19X-01,12,100020739,110135764,6841,0.0026
TCGA-AJ-A3EJ-01A-11D-A19X-01,12,110138529,110143117,2,1.8295
TCGA-AJ-A3EJ-01A-11D-A19X-01,12,110144932,112209341,944,-0.0237
TCGA-AJ-A3EJ-01A-11D-A19X-01,12,112211176,112437514,94,0.5892
TCGA-AJ-A3EJ-01A-11D-A19X-01,12,112445567,112486197,19,1.3381
TCGA-AJ-A3EJ-01A-11D-A19X-01,12,112486818,113227474,535,0.9331
TCGA-AJ-A3EJ-01A-11D-A19X-01,12,113228994,113562148,256,0.6194
TCGA-AJ-A3EJ-01A-11D-A19X-01,12,113573237,132120715,13354,0.0062
TCGA-AJ-A3EJ-01A-11D-A19X-01,12,132132584,132133335,13,-1.7992
TCGA-AJ-A3EJ-01A-11D-A19X-01,12,132142331,133778189,572,0.0563
TCGA-AJ-A3EJ-01A-11D-A19X-01,13,19026949,23633004,2905,-0.3103
TCGA-AJ-A3EJ-01A-11D-A19X-01,13,23633131,23633515,6,-1.8353
TCGA-AJ-A3EJ-01A-11D-A19X-01,13,23638195,38070044,10643,-0.3177
TCGA-AJ-A3EJ-01A-11D-A19X-01,13,38070370,38088387,21,0.2979
TCGA-AJ-A3EJ-01A-11D-A19X-01,13,38088609,39052811,698,-0.2822
TCGA-AJ-A3EJ-01A-11D-A19X-01,13,39057572,39058056,2,1.4952
TCGA-AJ-A3EJ-01A-11D-A19X-01,13,39065057,46087905,4834,-0.3038
TCGA-AJ-A3EJ-01A-11D-A19X-01,13,46090461,46868013,548,0.3142
TCGA-AJ-A3EJ-01A-11D-A19X-01,13,46869778,90435593,27111,-0.2893
TCGA-AJ-A3EJ-01A-11D-A19X-01,13,90436201,90436445,4,-2.476
TCGA-AJ-A3EJ-01A-11D-A19X-01,13,90440864,92849605,1551,-0.267
TCGA-AJ-A3EJ-01A-11D-A19X-01,13,92850253,93278920,301,0.1805
TCGA-AJ-A3EJ-01A-11D-A19X-01,13,93279185,113516921,15012,-0.3028
TCGA-AJ-A3EJ-01A-11D-A19X-01,13,113520362,113523990,2,-2.4037
TCGA-AJ-A3EJ-01A-11D-A19X-01,13,113524192,115108397,658,-0.3005
TCGA-AJ-A3EJ-01A-11D-A19X-01,14,19002124,20420239,186,-0.085
TCGA-AJ-A3EJ-01A-11D-A19X-01,14,20422583,22718955,1663,0.3382
TCGA-AJ-A3EJ-01A-11D-A19X-01,14,22722435,23058292,300,0.8782
TCGA-AJ-A3EJ-01A-11D-A19X-01,14,23064908,24431149,776,0.2819
TCGA-AJ-A3EJ-01A-11D-A19X-01,14,24444829,24744703,153,0.5669
TCGA-AJ-A3EJ-01A-11D-A19X-01,14,24748363,25223350,321,0.3045
TCGA-AJ-A3EJ-01A-11D-A19X-01,14,25226670,76950511,32696,-0.33
TCGA-AJ-A3EJ-01A-11D-A19X-01,14,76951278,77814142,615,0.4831
TCGA-AJ-A3EJ-01A-11D-A19X-01,14,77835912,106290981,18365,0.0298
TCGA-AJ-A3EJ-01A-11D-A19X-01,14,106291213,106428390,42,0.375
TCGA-AJ-A3EJ-01A-11D-A19X-01,14,106429968,106547314,47,-0.2075
TCGA-AJ-A3EJ-01A-11D-A19X-01,14,106547507,106561441,9,-2.5716
TCGA-AJ-A3EJ-01A-11D-A19X-01,14,106567100,106751284,85,0.0337
TCGA-AJ-A3EJ-01A-11D-A19X-01,14,106753859,106753867,3,2.1902
TCGA-AJ-A3EJ-01A-11D-A19X-01,14,106754003,106859058,46,-0.0507
TCGA-AJ-A3EJ-01A-11D-A19X-01,14,106863516,106911804,44,0.2607
TCGA-AJ-A3EJ-01A-11D-A19X-01,14,106912037,107285437,240,-0.0626
TCGA-AJ-A3EJ-01A-11D-A19X-01,15,20016328,20262236,53,-0.3217
TCGA-AJ-A3EJ-01A-11D-A19X-01,15,20264286,22673399,367,-0.7512
TCGA-AJ-A3EJ-01A-11D-A19X-01,15,22681076,76878362,33921,-0.3181
TCGA-AJ-A3EJ-01A-11D-A19X-01,15,76891241,76895775,22,-1.9409
TCGA-AJ-A3EJ-01A-11D-A19X-01,15,76902179,79551648,1448,-0.3198
TCGA-AJ-A3EJ-01A-11D-A19X-01,15,79551676,79551693,2,-1.9623
TCGA-AJ-A3EJ-01A-11D-A19X-01,15,79551778,82089071,1875,-0.326
TCGA-AJ-A3EJ-01A-11D-A19X-01,15,82089191,82089210,2,-2.2714
TCGA-AJ-A3EJ-01A-11D-A19X-01,15,82096494,84540717,1104,-0.29
TCGA-AJ-A3EJ-01A-11D-A19X-01,15,84540738,84543550,6,-2.5608
TCGA-AJ-A3EJ-01A-11D-A19X-01,15,84547277,85711068,559,-0.2349
TCGA-AJ-A3EJ-01A-11D-A19X-01,15,85711301,102375434,12668,0.0301
TCGA-AJ-A3EJ-01A-11D-A19X-01,15,102388354,102393237,5,0.5307
TCGA-AJ-A3EJ-01A-11D-A19X-01,15,102395379,102469040,20,-0.3932
TCGA-AJ-A3EJ-01A-11D-A19X-01,16,60777,3141713,1075,0.0673
TCGA-AJ-A3EJ-01A-11D-A19X-01,16,3141938,3248359,47,0.6308
TCGA-AJ-A3EJ-01A-11D-A19X-01,16,3250228,7012472,3223,0.0371
TCGA-AJ-A3EJ-01A-11D-A19X-01,16,7013200,7013568,2,2.0337
TCGA-AJ-A3EJ-01A-11D-A19X-01,16,7015770,55795214,22991,0.0227
TCGA-AJ-A3EJ-01A-11D-A19X-01,16,55796389,55816646,18,-2.2912
TCGA-AJ-A3EJ-01A-11D-A19X-01,16,55816705,55822444,4,-0.9954
TCGA-AJ-A3EJ-01A-11D-A19X-01,16,55829557,55848068,12,0.6732
TCGA-AJ-A3EJ-01A-11D-A19X-01,16,55853059,69942965,8698,0.0346
TCGA-AJ-A3EJ-01A-11D-A19X-01,16,69943002,70065013,36,0.5789
TCGA-AJ-A3EJ-01A-11D-A19X-01,16,70065263,85166733,13049,0.2047
TCGA-AJ-A3EJ-01A-11D-A19X-01,16,85170117,85301716,85,0.6009
TCGA-AJ-A3EJ-01A-11D-A19X-01,16,85302739,85303696,2,-0.6442
TCGA-AJ-A3EJ-01A-11D-A19X-01,16,85306103,85466841,120,0.6011
TCGA-AJ-A3EJ-01A-11D-A19X-01,16,85470956,90287535,3096,0.2532
TCGA-AJ-A3EJ-01A-11D-A19X-01,17,526,6100784,3373,-0.0855
TCGA-AJ-A3EJ-01A-11D-A19X-01,17,6100796,6100811,2,-2.5008
TCGA-AJ-A3EJ-01A-11D-A19X-01,17,6101043,7987516,1052,-0.1049
TCGA-AJ-A3EJ-01A-11D-A19X-01,17,7996871,9169367,735,0.4816
TCGA-AJ-A3EJ-01A-11D-A19X-01,17,9173055,14429625,4025,-0.1486
TCGA-AJ-A3EJ-01A-11D-A19X-01,17,14430837,14431214,3,1.3472
TCGA-AJ-A3EJ-01A-11D-A19X-01,17,14442227,18358949,2253,-0.1687
TCGA-AJ-A3EJ-01A-11D-A19X-01,17,18361686,18465221,26,0.3645
TCGA-AJ-A3EJ-01A-11D-A19X-01,17,18469197,18935523,173,-0.1234
TCGA-AJ-A3EJ-01A-11D-A19X-01,17,18950867,19050926,10,-1.1686
TCGA-AJ-A3EJ-01A-11D-A19X-01,17,19093450,22235650,1366,-0.1532
TCGA-AJ-A3EJ-01A-11D-A19X-01,17,25270411,26532854,688,0.1391
TCGA-AJ-A3EJ-01A-11D-A19X-01,17,26536855,27217152,255,0.7134
TCGA-AJ-A3EJ-01A-11D-A19X-01,17,27217706,34436532,4426,6e-04
TCGA-AJ-A3EJ-01A-11D-A19X-01,17,34436708,34485091,38,0.6281
TCGA-AJ-A3EJ-01A-11D-A19X-01,17,34528125,34629696,5,-0.6629
TCGA-AJ-A3EJ-01A-11D-A19X-01,17,34816256,39421708,2540,-0.0032
TCGA-AJ-A3EJ-01A-11D-A19X-01,17,39423014,39430450,23,2.1705
TCGA-AJ-A3EJ-01A-11D-A19X-01,17,39430531,43935631,2345,-0.0054
TCGA-AJ-A3EJ-01A-11D-A19X-01,17,43937153,43943051,2,-2.1584
TCGA-AJ-A3EJ-01A-11D-A19X-01,17,43949448,49480306,2793,0.0053
TCGA-AJ-A3EJ-01A-11D-A19X-01,17,49481250,49481258,2,1.8626
TCGA-AJ-A3EJ-01A-11D-A19X-01,17,49482110,54849496,3949,0.0319
TCGA-AJ-A3EJ-01A-11D-A19X-01,17,54850166,54850329,2,-1.772
TCGA-AJ-A3EJ-01A-11D-A19X-01,17,54853838,55687489,609,-0.0061
TCGA-AJ-A3EJ-01A-11D-A19X-01,17,55688333,55688993,2,1.4314
TCGA-AJ-A3EJ-01A-11D-A19X-01,17,55691993,56212100,351,6e-04
TCGA-AJ-A3EJ-01A-11D-A19X-01,17,56212782,56214094,3,-2.7587
TCGA-AJ-A3EJ-01A-11D-A19X-01,17,56217398,67884280,6347,0.0041
TCGA-AJ-A3EJ-01A-11D-A19X-01,17,67885266,67891926,4,-1.452
TCGA-AJ-A3EJ-01A-11D-A19X-01,17,67892018,67949082,55,0.0233
TCGA-AJ-A3EJ-01A-11D-A19X-01,17,67952680,67961804,11,0.6325
TCGA-AJ-A3EJ-01A-11D-A19X-01,17,67961820,71746148,2997,0.0182
TCGA-AJ-A3EJ-01A-11D-A19X-01,17,71746227,71746284,2,1.7047
TCGA-AJ-A3EJ-01A-11D-A19X-01,17,71746463,74009211,1179,0.0221
TCGA-AJ-A3EJ-01A-11D-A19X-01,17,74020740,74093217,35,0.4785
TCGA-AJ-A3EJ-01A-11D-A19X-01,17,74093306,74162548,36,-0.0357
TCGA-AJ-A3EJ-01A-11D-A19X-01,17,74162997,75150386,572,0.4826
TCGA-AJ-A3EJ-01A-11D-A19X-01,17,75154029,79581697,2452,-0.2758
TCGA-AJ-A3EJ-01A-11D-A19X-01,17,79598745,80404326,197,0.3697
TCGA-AJ-A3EJ-01A-11D-A19X-01,17,80411462,80985635,344,-0.0592
TCGA-AJ-A3EJ-01A-11D-A19X-01,17,80987612,80992932,3,0.9807
TCGA-AJ-A3EJ-01A-11D-A19X-01,17,80995645,81049726,19,0.1389
TCGA-AJ-A3EJ-01A-11D-A19X-01,18,11543,7748661,5586,0.0189
TCGA-AJ-A3EJ-01A-11D-A19X-01,18,7752784,7755226,2,2.6261
TCGA-AJ-A3EJ-01A-11D-A19X-01,18,7755352,38260420,17267,0.025
TCGA-AJ-A3EJ-01A-11D-A19X-01,18,38260434,38265389,18,-1.4515
TCGA-AJ-A3EJ-01A-11D-A19X-01,18,38268024,78015057,27971,0.018
TCGA-AJ-A3EJ-01A-11D-A19X-01,19,90910,1648191,366,-0.3366
TCGA-AJ-A3EJ-01A-11D-A19X-01,19,1676369,2420094,182,0.1729
TCGA-AJ-A3EJ-01A-11D-A19X-01,19,2422591,3664442,436,-0.4045
TCGA-AJ-A3EJ-01A-11D-A19X-01,19,3687399,3745546,18,0.1923
TCGA-AJ-A3EJ-01A-11D-A19X-01,19,3750690,7233941,1467,-0.3909
TCGA-AJ-A3EJ-01A-11D-A19X-01,19,7238260,8351473,465,0.3751
TCGA-AJ-A3EJ-01A-11D-A19X-01,19,8351848,8365042,6,-0.2932
TCGA-AJ-A3EJ-01A-11D-A19X-01,19,8365067,12788261,2164,0.3542
TCGA-AJ-A3EJ-01A-11D-A19X-01,19,12788773,13444172,244,0.8442
TCGA-AJ-A3EJ-01A-11D-A19X-01,19,13448200,14144220,337,0.3017
TCGA-AJ-A3EJ-01A-11D-A19X-01,19,14144838,14519840,103,0.0263
TCGA-AJ-A3EJ-01A-11D-A19X-01,19,14520829,14530110,6,0.7454
TCGA-AJ-A3EJ-01A-11D-A19X-01,19,14532028,14595251,26,-0.0725
TCGA-AJ-A3EJ-01A-11D-A19X-01,19,14595704,18847832,2311,0.3025
TCGA-AJ-A3EJ-01A-11D-A19X-01,19,18851914,24349038,3047,-0.3639
TCGA-AJ-A3EJ-01A-11D-A19X-01,19,24349337,24583312,74,1.1293
TCGA-AJ-A3EJ-01A-11D-A19X-01,19,24596750,28294479,104,0.3882
TCGA-AJ-A3EJ-01A-11D-A19X-01,19,28296505,28316272,19,-0.8351
TCGA-AJ-A3EJ-01A-11D-A19X-01,19,28317343,59097854,17975,0.1975
TCGA-AJ-A3EJ-01A-11D-A19X-01,20,61305,1473397,1093,-0.3207
TCGA-AJ-A3EJ-01A-11D-A19X-01,20,1473605,1560951,111,0.5421
TCGA-AJ-A3EJ-01A-11D-A19X-01,20,1560999,1593893,42,1.9773
TCGA-AJ-A3EJ-01A-11D-A19X-01,20,1597946,1599142,7,0.947
TCGA-AJ-A3EJ-01A-11D-A19X-01,20,1599584,4484969,2077,0.5005
TCGA-AJ-A3EJ-01A-11D-A19X-01,20,4486328,4914720,380,0.8276
TCGA-AJ-A3EJ-01A-11D-A19X-01,20,4914872,17809563,10310,0.315
TCGA-AJ-A3EJ-01A-11D-A19X-01,20,17810595,17881548,60,0.761
TCGA-AJ-A3EJ-01A-11D-A19X-01,20,17883531,23496724,4259,0.2913
TCGA-AJ-A3EJ-01A-11D-A19X-01,20,23496874,23498207,2,1.8062
TCGA-AJ-A3EJ-01A-11D-A19X-01,20,23498531,26209754,1687,0.2956
TCGA-AJ-A3EJ-01A-11D-A19X-01,20,26209790,29648981,102,-0.0623
TCGA-AJ-A3EJ-01A-11D-A19X-01,20,29648997,29882208,33,0.2874
TCGA-AJ-A3EJ-01A-11D-A19X-01,20,29884881,29927323,26,0.6895
TCGA-AJ-A3EJ-01A-11D-A19X-01,20,29928409,32731462,1419,0.2593
TCGA-AJ-A3EJ-01A-11D-A19X-01,20,32737467,33466042,286,0.6745
TCGA-AJ-A3EJ-01A-11D-A19X-01,20,33468793,35442213,884,0.2573
TCGA-AJ-A3EJ-01A-11D-A19X-01,20,35446516,35526988,38,0.774
TCGA-AJ-A3EJ-01A-11D-A19X-01,20,35529774,45137683,6725,0.2998
TCGA-AJ-A3EJ-01A-11D-A19X-01,20,45141400,45712511,538,0.7107
TCGA-AJ-A3EJ-01A-11D-A19X-01,20,45713931,45793967,106,0.3108
TCGA-AJ-A3EJ-01A-11D-A19X-01,20,45797639,46328990,282,0.6765
TCGA-AJ-A3EJ-01A-11D-A19X-01,20,46329067,62363342,11814,0.313
TCGA-AJ-A3EJ-01A-11D-A19X-01,20,62375640,62585069,61,0.7798
TCGA-AJ-A3EJ-01A-11D-A19X-01,20,62599612,62955538,176,0.4037
TCGA-AJ-A3EJ-01A-11D-A19X-01,20,62955645,62956153,2,-0.4891
TCGA-AJ-A3EJ-01A-11D-A19X-01,21,10736871,17123855,1757,-0.0375
TCGA-AJ-A3EJ-01A-11D-A19X-01,21,17124102,17126820,2,2.3689
TCGA-AJ-A3EJ-01A-11D-A19X-01,21,17130370,48096957,22654,0.0044
TCGA-AJ-A3EJ-01A-11D-A19X-01,22,16052528,16102524,10,-0.8666
TCGA-AJ-A3EJ-01A-11D-A19X-01,22,16108143,16281595,30,0.1162
TCGA-AJ-A3EJ-01A-11D-A19X-01,22,16350807,20983592,2301,-0.3869
TCGA-AJ-A3EJ-01A-11D-A19X-01,22,20983830,20984033,2,-2.0316
TCGA-AJ-A3EJ-01A-11D-A19X-01,22,20985000,21572214,508,-0.1602
TCGA-AJ-A3EJ-01A-11D-A19X-01,22,21595029,21708108,6,-1.1738
TCGA-AJ-A3EJ-01A-11D-A19X-01,22,21721603,22749833,778,-0.1377
TCGA-AJ-A3EJ-01A-11D-A19X-01,22,22749990,22750397,4,1.0916
TCGA-AJ-A3EJ-01A-11D-A19X-01,22,22750415,25736672,1875,-0.1787
TCGA-AJ-A3EJ-01A-11D-A19X-01,22,25736674,25745901,6,0.9734
TCGA-AJ-A3EJ-01A-11D-A19X-01,22,25745916,26138408,375,-0.3
TCGA-AJ-A3EJ-01A-11D-A19X-01,22,26138438,26138830,2,2.0491
TCGA-AJ-A3EJ-01A-11D-A19X-01,22,26139093,27405992,1274,-0.3464
TCGA-AJ-A3EJ-01A-11D-A19X-01,22,27407146,27407690,2,-2.562
TCGA-AJ-A3EJ-01A-11D-A19X-01,22,27409002,30842419,2346,-0.3402
TCGA-AJ-A3EJ-01A-11D-A19X-01,22,30843495,31221978,244,0.3914
TCGA-AJ-A3EJ-01A-11D-A19X-01,22,31223858,31273284,33,0.7783
TCGA-AJ-A3EJ-01A-11D-A19X-01,22,31278000,32222353,485,0.3161
TCGA-AJ-A3EJ-01A-11D-A19X-01,22,32223071,34173406,1625,-0.4982
TCGA-AJ-A3EJ-01A-11D-A19X-01,22,34174947,34174985,4,-2.1495
TCGA-AJ-A3EJ-01A-11D-A19X-01,22,34181422,35360974,1139,-0.5654
TCGA-AJ-A3EJ-01A-11D-A19X-01,22,35363251,36210711,609,0.1413
TCGA-AJ-A3EJ-01A-11D-A19X-01,22,36225454,38986699,1640,-0.3421
TCGA-AJ-A3EJ-01A-11D-A19X-01,22,38987866,39365358,205,-0.8657
TCGA-AJ-A3EJ-01A-11D-A19X-01,22,39365387,39430455,39,-0.2881
TCGA-AJ-A3EJ-01A-11D-A19X-01,22,39449328,41297272,903,-0.8642
TCGA-AJ-A3EJ-01A-11D-A19X-01,22,41302973,42089782,505,-0.3371
TCGA-AJ-A3EJ-01A-11D-A19X-01,22,42092986,49651937,5693,-0.8746
TCGA-AJ-A3EJ-01A-11D-A19X-01,22,49652142,49653492,2,-7.2199
TCGA-AJ-A3EJ-01A-11D-A19X-01,22,49654459,51234455,852,-0.8665
TCGA-AJ-A3EJ-01A-11D-A19X-01,23,168477,76349873,40160,0.0166
TCGA-AJ-A3EJ-01A-11D-A19X-01,23,76353650,76378656,3,3.0049
TCGA-AJ-A3EJ-01A-11D-A19X-01,23,76378658,76473278,10,0.7363
TCGA-AJ-A3EJ-01A-11D-A19X-01,23,76476301,155182354,44448,-0.0137
TCGA-AJ-A3EJ-01A-11D-A19X-01,24,2650438,5944602,804,-2.2578
TCGA-AJ-A3EJ-01A-11D-A19X-01,24,5944603,6327325,166,-3.2336
TCGA-AJ-A3EJ-01A-11D-A19X-01,24,6327861,7397635,452,-2.6409
TCGA-AJ-A3EJ-01A-11D-A19X-01,24,7399842,9823373,1222,-2.9812
TCGA-AJ-A3EJ-01A-11D-A19X-01,24,9826040,15024621,678,-2.6943
TCGA-AJ-A3EJ-01A-11D-A19X-01,24,15026424,15030817,5,-6.3097
TCGA-AJ-A3EJ-01A-11D-A19X-01,24,15032288,15590276,249,-2.6519
TCGA-AJ-A3EJ-01A-11D-A19X-01,24,15590342,15594523,3,-6.9362
TCGA-AJ-A3EJ-01A-11D-A19X-01,24,15594889,19063565,1842,-2.7999
TCGA-AJ-A3EJ-01A-11D-A19X-01,24,19068122,19297985,97,-3.4539
TCGA-AJ-A3EJ-01A-11D-A19X-01,24,19300250,19574890,144,-2.6994
TCGA-AJ-A3EJ-01A-11D-A19X-01,24,19576544,20842231,578,-3.3452
TCGA-AJ-A3EJ-01A-11D-A19X-01,24,20848128,21024613,92,-3.958
TCGA-AJ-A3EJ-01A-11D-A19X-01,24,21025062,23859163,1084,-2.8531
TCGA-AJ-A3EJ-01A-11D-A19X-01,24,23859468,28277692,975,-3.2911
TCGA-AJ-A3EJ-01A-11D-A19X-01,24,28289727,28322019,13,-5.3611
TCGA-AJ-A3EJ-01A-11D-A19X-01,24,28322083,28661292,151,-2.9095
TCGA-AJ-A3EJ-01A-11D-A19X-01,24,28661650,59018259,75,-2.4079
